Start Time,Number of Trips
2014-01-01,6059
2014-01-02,8600
2014-01-03,1144
2014-01-04,2292
2014-01-05,2678
2014-01-06,9510
2014-01-07,6267
2014-01-08,9246
2014-01-09,13354
2014-01-10,9847
2014-01-11,7695
2014-01-12,12515
2014-01-13,20633
2014-01-14,9999
2014-01-15,21630
2014-01-16,19953
2014-01-17,20301
2014-01-18,9438
2014-01-19,9028
2014-01-20,13407
2014-01-21,3804
2014-01-22,2451
2014-01-23,5071
2014-01-24,6176
2014-01-25,4338
2014-01-26,4980
2014-01-27,13119
2014-01-28,10033
2014-01-29,10021
2014-01-30,12158
2014-01-31,14653
2014-02-01,12771
2014-02-02,13816
2014-02-03,2600
2014-02-04,8709
2014-02-05,2746
2014-02-06,7196
2014-02-07,8495
2014-02-08,5986
2014-02-09,4996
2014-02-10,6846
2014-02-11,8343
2014-02-12,8580
2014-02-13,876
2014-02-14,3609
2014-02-15,2261
2014-02-16,3003
2014-02-17,4854
2014-02-18,5140
2014-02-19,8506
2014-02-20,11792
2014-02-21,8680
2014-02-22,13044
2014-02-23,13324
2014-02-24,12922
2014-02-25,12830
2014-02-26,11188
2014-02-27,12036
2014-02-28,9587
2014-03-01,9202
2014-03-02,8195
2014-03-03,7708
2014-03-04,10398
2014-03-05,13801
2014-03-06,12773
2014-03-07,13304
2014-03-08,16350
2014-03-09,12262
2014-03-10,17231
2014-03-11,24356
2014-03-12,15101
2014-03-13,10979
2014-03-14,16299
2014-03-15,18053
2014-03-16,9851
2014-03-17,12503
2014-03-18,16679
2014-03-19,13341
2014-03-20,19695
2014-03-21,20718
2014-03-22,19880
2014-03-23,11740
2014-03-24,13598
2014-03-25,16037
2014-03-26,14500
2014-03-27,16666
2014-03-28,18425
2014-03-29,4480
2014-03-30,7907
2014-03-31,17085
2014-04-01,23908
2014-04-02,22515
2014-04-03,26321
2014-04-04,12566
2014-04-05,18655
2014-04-06,20750
2014-04-07,14677
2014-04-08,21884
2014-04-09,26931
2014-04-10,27463
2014-04-11,26798
2014-04-12,27108
2014-04-13,26871
2014-04-14,28832
2014-04-15,10523
2014-04-16,20082
2014-04-17,22282
2014-04-18,20770
2014-04-19,24369
2014-04-20,18464
2014-04-21,27124
2014-04-22,27259
2014-04-23,26949
2014-04-24,28107
2014-04-25,27919
2014-04-26,19899
2014-04-27,21926
2014-04-28,28557
2014-04-29,18404
2014-04-30,2867
2014-05-01,26762
2014-05-02,32377
2014-05-03,25501
2014-05-04,21277
2014-05-05,30288
2014-05-06,32233
2014-05-07,32882
2014-05-08,17619
2014-05-09,22641
2014-05-10,21832
2014-05-11,28326
2014-05-12,31644
2014-05-13,32847
2014-05-14,30044
2014-05-15,26057
2014-05-16,17784
2014-05-17,29912
2014-05-18,27436
2014-05-19,31692
2014-05-20,35567
2014-05-21,34420
2014-05-22,24535
2014-05-23,24484
2014-05-24,16798
2014-05-25,25637
2014-05-26,26930
2014-05-27,32936
2014-05-28,29690
2014-05-29,33889
2014-05-30,34343
2014-05-31,27734
2014-06-01,31333
2014-06-02,34519
2014-06-03,29501
2014-06-04,36068
2014-06-05,24619
2014-06-06,37719
2014-06-07,31204
2014-06-08,30162
2014-06-09,18611
2014-06-10,33435
2014-06-11,30548
2014-06-12,29084
2014-06-13,18308
2014-06-14,28417
2014-06-15,28382
2014-06-16,34932
2014-06-17,35097
2014-06-18,35531
2014-06-19,31724
2014-06-20,34405
2014-06-21,30288
2014-06-22,29417
2014-06-23,32580
2014-06-24,35897
2014-06-25,34340
2014-06-26,34846
2014-06-27,35823
2014-06-28,28507
2014-06-29,27986
2014-06-30,33597
2014-07-01,34854
2014-07-02,26582
2014-07-03,27587
2014-07-04,13612
2014-07-05,22913
2014-07-06,23822
2014-07-07,31863
2014-07-08,32713
2014-07-09,34426
2014-07-10,36288
2014-07-11,35000
2014-07-12,28718
2014-07-13,24869
2014-07-14,25825
2014-07-15,22963
2014-07-16,35391
2014-07-17,38619
2014-07-18,36105
2014-07-19,29291
2014-07-20,30296
2014-07-21,35670
2014-07-22,36886
2014-07-23,34173
2014-07-24,36693
2014-07-25,36384
2014-07-26,27179
2014-07-27,27004
2014-07-28,33189
2014-07-29,37092
2014-07-30,37377
2014-07-31,35458
2014-08-01,32654
2014-08-02,26784
2014-08-03,25276
2014-08-04,33822
2014-08-05,34392
2014-08-06,36336
2014-08-07,36362
2014-08-08,34073
2014-08-09,31636
2014-08-10,26749
2014-08-11,33664
2014-08-12,26261
2014-08-13,27977
2014-08-14,35154
2014-08-15,32480
2014-08-16,32017
2014-08-17,27417
2014-08-18,34339
2014-08-19,35367
2014-08-20,35532
2014-08-21,33804
2014-08-22,30406
2014-08-23,26429
2014-08-24,27493
2014-08-25,32892
2014-08-26,34519
2014-08-27,33721
2014-08-28,33927
2014-08-29,31264
2014-08-30,22689
2014-08-31,18053
2014-09-01,23575
2014-09-02,30507
2014-09-03,35535
2014-09-04,36496
2014-09-05,34831
2014-09-06,25833
2014-09-07,29721
2014-09-08,34335
2014-09-09,34518
2014-09-10,37653
2014-09-11,37081
2014-09-12,37204
2014-09-13,17293
2014-09-14,28688
2014-09-15,35045
2014-09-16,25633
2014-09-17,37453
2014-09-18,37381
2014-09-19,34713
2014-09-20,30011
2014-09-21,26080
2014-09-22,33239
2014-09-23,36347
2014-09-24,35481
2014-09-25,16650
2014-09-26,35116
2014-09-27,30193
2014-09-28,29021
2014-09-29,33161
2014-09-30,35093
2014-10-01,27942
2014-10-02,34492
2014-10-03,34944
2014-10-04,13354
2014-10-05,23456
2014-10-06,31742
2014-10-07,32892
2014-10-08,33607
2014-10-09,32203
2014-10-10,30887
2014-10-11,12965
2014-10-12,23394
2014-10-13,22752
2014-10-14,32614
2014-10-15,28743
2014-10-16,26754
2014-10-17,34132
2014-10-18,24978
2014-10-19,18840
2014-10-20,27914
2014-10-21,31330
2014-10-22,9169
2014-10-23,13371
2014-10-24,29837
2014-10-25,24952
2014-10-26,20768
2014-10-27,28806
2014-10-28,32956
2014-10-29,29999
2014-10-30,31133
2014-10-31,27785
2014-11-01,6002
2014-11-02,14100
2014-11-03,26757
2014-11-04,31174
2014-11-05,30539
2014-11-06,12283
2014-11-07,25355
2014-11-08,17443
2014-11-09,18207
2014-11-10,27655
2014-11-11,29358
2014-11-12,27807
2014-11-13,20652
2014-11-14,21082
2014-11-15,14057
2014-11-16,13272
2014-11-17,8116
2014-11-18,16691
2014-11-19,16694
2014-11-20,20611
2014-11-21,17806
2014-11-22,12682
2014-11-23,15669
2014-11-24,23031
2014-11-25,25580
2014-11-26,3675
2014-11-27,3945
2014-11-28,8378
2014-11-29,8183
2014-11-30,12384
2014-12-01,18519
2014-12-02,15367
2014-12-03,13472
2014-12-04,21335
2014-12-05,15818
2014-12-06,4047
2014-12-07,10510
2014-12-08,15557
2014-12-09,6713
2014-12-10,10399
2014-12-11,18141
2014-12-12,17892
2014-12-13,12549
2014-12-14,11941
2014-12-15,19382
2014-12-16,16816
2014-12-17,20346
2014-12-18,19051
2014-12-19,17200
2014-12-20,9582
2014-12-21,8747
2014-12-22,13560
2014-12-23,9422
2014-12-24,4285
2014-12-25,4890
2014-12-26,9895
2014-12-27,10247
2014-12-28,7902
2014-12-29,13549
2014-12-30,12196
2014-12-31,9739
2015-01-01,5317
2015-01-02,11304
2015-01-03,4478
2015-01-04,7849
2015-01-05,14506
2015-01-06,8739
2015-01-07,9646
2015-01-08,8779
2015-01-09,7930
2015-01-10,6109
2015-01-11,7467
2015-01-12,8645
2015-01-13,12797
2015-01-14,13086
2015-01-15,14075
2015-01-16,13843
2015-01-17,7491
2015-01-18,1795
2015-01-19,10710
2015-01-20,16129
2015-01-21,15234
2015-01-22,15864
2015-01-23,15737
2015-01-24,4814
2015-01-25,9379
2015-01-26,4141
2015-01-27,1214
2015-01-28,5401
2015-01-29,8870
2015-01-30,9015
2015-01-31,5188
2015-02-01,6441
2015-02-02,1459
2015-02-03,4754
2015-02-04,8973
2015-02-05,9208
2015-02-06,8575
2015-02-07,6790
2015-02-08,6662
2015-02-09,5160
2015-02-10,10328
2015-02-11,11439
2015-02-12,11269
2015-02-13,7642
2015-02-14,4614
2015-02-15,2581
2015-02-16,3998
2015-02-17,4784
2015-02-18,9170
2015-02-19,7799
2015-02-20,6159
2015-02-21,3157
2015-02-22,4274
2015-02-23,7458
2015-02-24,7402
2015-02-25,10751
2015-02-26,9901
2015-02-27,9864
2015-02-28,6318
2015-03-01,2879
2015-03-02,7283
2015-03-03,6533
2015-03-04,7514
2015-03-05,1637
2015-03-06,5162
2015-03-07,5590
2015-03-08,7898
2015-03-09,14878
2015-03-10,11781
2015-03-11,19561
2015-03-12,17530
2015-03-13,16145
2015-03-14,3906
2015-03-15,8838
2015-03-16,16787
2015-03-17,14857
2015-03-18,13842
2015-03-19,15446
2015-03-20,8052
2015-03-21,9338
2015-03-22,9676
2015-03-23,13538
2015-03-24,16166
2015-03-25,14670
2015-03-26,14954
2015-03-27,14107
2015-03-28,1107
2015-03-29,9826
2015-03-30,18075
2015-03-31,14250
2015-04-01,20146
2015-04-02,24227
2015-04-03,14774
2015-04-04,14355
2015-04-05,13799
2015-04-06,23391
2015-04-07,16262
2015-04-08,17872
2015-04-09,16546
2015-04-10,16317
2015-04-11,18643
2015-04-12,19954
2015-04-13,24925
2015-04-14,22703
2015-04-15,27594
2015-04-16,27180
2015-04-17,24175
2015-04-18,28174
2015-04-19,21475
2015-04-20,11202
2015-04-21,24868
2015-04-22,21997
2015-04-23,22074
2015-04-24,20981
2015-04-25,21082
2015-04-26,21594
2015-04-27,25501
2015-04-28,29795
2015-04-29,31532
2015-04-30,29252
2015-05-01,27924
2015-05-02,25743
2015-05-03,27694
2015-05-04,32066
2015-05-05,33012
2015-05-06,30313
2015-05-07,34871
2015-05-08,34304
2015-05-09,24329
2015-05-10,26573
2015-05-11,32382
2015-05-12,35225
2015-05-13,33402
2015-05-14,40826
2015-05-15,34945
2015-05-16,23882
2015-05-17,30969
2015-05-18,31559
2015-05-19,33895
2015-05-20,33823
2015-05-21,31214
2015-05-22,31891
2015-05-23,23910
2015-05-24,25151
2015-05-25,28164
2015-05-26,35786
2015-05-27,33710
2015-05-28,35934
2015-05-29,37756
2015-05-30,31147
2015-05-31,19586
2015-06-01,15283
2015-06-02,11984
2015-06-03,34590
2015-06-04,32772
2015-06-05,31294
2015-06-06,26334
2015-06-07,30773
2015-06-08,33585
2015-06-09,35412
2015-06-10,39350
2015-06-11,37400
2015-06-12,35136
2015-06-13,29980
2015-06-14,28184
2015-06-15,25087
2015-06-16,32147
2015-06-17,38030
2015-06-18,35464
2015-06-19,37380
2015-06-20,23580
2015-06-21,25926
2015-06-22,37677
2015-06-23,32294
2015-06-24,41070
2015-06-25,39673
2015-06-26,38614
2015-06-27,15485
2015-06-28,20591
2015-06-29,38037
2015-06-30,38087
2015-07-01,37539
2015-07-02,35559
2015-07-03,26928
2015-07-04,21706
2015-07-05,25920
2015-07-06,35251
2015-07-07,36837
2015-07-08,35047
2015-07-09,31978
2015-07-10,38559
2015-07-11,31719
2015-07-12,31037
2015-07-13,38485
2015-07-14,35802
2015-07-15,34979
2015-07-16,42356
2015-07-17,39595
2015-07-18,28870
2015-07-19,28531
2015-07-20,34889
2015-07-21,38499
2015-07-22,42557
2015-07-23,42175
2015-07-24,40330
2015-07-25,31639
2015-07-26,30543
2015-07-27,38747
2015-07-28,40434
2015-07-29,39428
2015-07-30,31166
2015-07-31,38571
2015-08-01,35179
2015-08-02,31622
2015-08-03,38888
2015-08-04,40783
2015-08-05,41075
2015-08-06,42283
2015-08-07,40999
2015-08-08,38723
2015-08-09,32716
2015-08-10,39870
2015-08-11,25066
2015-08-12,42994
2015-08-13,42170
2015-08-14,39983
2015-08-15,37821
2015-08-16,30344
2015-08-17,37449
2015-08-18,39916
2015-08-19,40726
2015-08-20,39280
2015-08-21,38038
2015-08-22,34277
2015-08-23,33071
2015-08-24,38943
2015-08-25,41655
2015-08-26,42832
2015-08-27,43173
2015-08-28,41755
2015-08-29,34381
2015-08-30,32913
2015-08-31,40119
2015-09-01,43291
2015-09-02,43225
2015-09-03,42879
2015-09-04,39956
2015-09-05,34005
2015-09-06,33199
2015-09-07,33682
2015-09-08,42766
2015-09-09,44005
2015-09-10,22253
2015-09-11,47613
2015-09-12,33661
2015-09-13,34794
2015-09-14,44668
2015-09-15,48729
2015-09-16,51179
2015-09-17,50705
2015-09-18,50285
2015-09-19,43011
2015-09-20,40462
2015-09-21,47180
2015-09-22,48685
2015-09-23,48366
2015-09-24,52706
2015-09-25,51368
2015-09-26,42560
2015-09-27,38285
2015-09-28,48011
2015-09-29,48725
2015-09-30,39445
2015-10-01,34719
2015-10-02,9444
2015-10-03,16564
2015-10-04,30214
2015-10-05,44581
2015-10-06,49719
2015-10-07,50141
2015-10-08,50179
2015-10-09,37283
2015-10-10,39345
2015-10-11,38967
2015-10-12,45584
2015-10-13,49047
2015-10-14,49998
2015-10-15,48783
2015-10-16,46484
2015-10-17,31809
2015-10-18,23978
2015-10-19,36570
2015-10-20,45376
2015-10-21,49121
2015-10-22,49604
2015-10-23,44679
2015-10-24,31713
2015-10-25,29289
2015-10-26,42165
2015-10-27,44553
2015-10-28,20736
2015-10-29,45358
2015-10-30,44518
2015-10-31,31756
2015-11-01,30622
2015-11-02,44534
2015-11-03,49326
2015-11-04,49487
2015-11-05,43006
2015-11-06,47162
2015-11-07,35586
2015-11-08,32317
2015-11-09,42262
2015-11-10,21585
2015-11-11,37705
2015-11-12,37319
2015-11-13,38970
2015-11-14,25299
2015-11-15,25990
2015-11-16,40916
2015-11-17,38939
2015-11-18,41485
2015-11-19,21890
2015-11-20,38205
2015-11-21,28038
2015-11-22,23343
2015-11-23,30136
2015-11-24,32218
2015-11-25,30295
2015-11-26,13291
2015-11-27,22824
2015-11-28,15830
2015-11-29,18452
2015-11-30,30213
2015-12-01,18399
2015-12-02,23782
2015-12-03,33917
2015-12-04,34737
2015-12-05,26358
2015-12-06,24943
2015-12-07,34139
2015-12-08,35614
2015-12-09,35306
2015-12-10,39099
2015-12-11,39060
2015-12-12,31957
2015-12-13,32001
2015-12-14,32518
2015-12-15,38661
2015-12-16,35643
2015-12-17,21961
2015-12-18,30704
2015-12-19,17778
2015-12-20,17030
2015-12-21,29800
2015-12-22,22941
2015-12-23,14817
2015-12-24,18447
2015-12-25,12333
2015-12-26,13914
2015-12-27,13177
2015-12-28,18889
2015-12-29,13347
2015-12-30,22477
2015-12-31,20376
2016-01-01,11009
2016-01-02,14587
2016-01-03,15499
2016-01-04,19593
2016-01-05,18053
2016-01-06,24569
2016-01-07,27773
2016-01-08,28709
2016-01-09,20846
2016-01-10,14275
2016-01-11,22937
2016-01-12,25211
2016-01-13,21133
2016-01-14,23780
2016-01-15,28435
2016-01-16,19178
2016-01-17,12024
2016-01-18,12718
2016-01-19,17281
2016-01-20,23420
2016-01-21,23672
2016-01-22,20950
2016-01-27,6761
2016-01-28,11946
2016-01-29,16028
2016-01-30,12973
2016-01-31,16118
2016-02-01,24334
2016-02-02,28528
2016-02-03,16203
2016-02-04,27766
2016-02-05,13670
2016-02-06,16933
2016-02-07,17605
2016-02-08,19026
2016-02-09,22741
2016-02-10,22420
2016-02-11,18748
2016-02-12,16449
2016-02-13,6625
2016-02-14,4653
2016-02-15,5884
2016-02-16,14542
2016-02-17,23572
2016-02-18,22261
2016-02-19,21959
2016-02-20,24484
2016-02-21,20052
2016-02-22,28233
2016-02-23,16133
2016-02-24,9761
2016-02-25,25102
2016-02-26,22573
2016-02-27,17226
2016-02-28,25437
2016-02-29,27954
2016-03-01,30509
2016-03-02,26195
2016-03-03,24061
2016-03-04,17369
2016-03-05,18023
2016-03-06,18832
2016-03-07,31492
2016-03-08,36521
2016-03-09,41490
2016-03-10,42252
2016-03-11,38195
2016-03-12,32771
2016-03-13,27550
2016-03-14,10930
2016-03-15,31596
2016-03-16,36067
2016-03-17,35390
2016-03-18,34647
2016-03-19,24048
2016-03-20,16678
2016-03-21,26414
2016-03-22,33497
2016-03-23,40983
2016-03-24,36495
2016-03-25,34097
2016-03-26,27478
2016-03-27,22483
2016-03-28,20345
2016-03-29,31481
2016-03-30,33684
2016-03-31,38348
2016-04-01,34449
2016-04-02,21839
2016-04-03,15322
2016-04-04,12302
2016-04-05,26238
2016-04-06,29365
2016-04-07,30402
2016-04-08,30817
2016-04-09,12702
2016-04-10,23229
2016-04-11,32048
2016-04-12,23765
2016-04-13,37539
2016-04-14,38505
2016-04-15,39676
2016-04-16,36148
2016-04-17,38843
2016-04-18,43994
2016-04-19,46075
2016-04-20,44547
2016-04-21,45570
2016-04-22,48815
2016-04-23,33647
2016-04-24,37866
2016-04-25,42308
2016-04-26,34643
2016-04-27,41931
2016-04-28,37428
2016-04-29,34878
2016-04-30,38258
2016-05-01,10697
2016-05-02,38537
2016-05-03,22858
2016-05-04,31619
2016-05-05,39903
2016-05-06,18860
2016-05-07,31078
2016-05-08,31197
2016-05-09,45724
2016-05-10,44849
2016-05-11,51181
2016-05-12,52273
2016-05-13,32391
2016-05-14,42063
2016-05-15,28661
2016-05-16,42787
2016-05-17,43396
2016-05-18,44803
2016-05-19,49182
2016-05-20,52543
2016-05-21,30519
2016-05-22,37802
2016-05-23,48578
2016-05-24,34796
2016-05-25,53439
2016-05-26,52133
2016-05-27,46937
2016-05-28,34222
2016-05-29,36877
2016-05-30,32619
2016-05-31,49756
2016-06-01,54665
2016-06-02,54401
2016-06-03,38975
2016-06-04,40977
2016-06-05,22397
2016-06-06,52149
2016-06-07,51812
2016-06-08,42250
2016-06-09,52905
2016-06-10,53299
2016-06-11,41030
2016-06-12,40637
2016-06-13,49069
2016-06-14,54813
2016-06-15,55049
2016-06-16,46198
2016-06-17,54236
2016-06-18,48901
2016-06-19,45270
2016-06-20,52247
2016-06-21,53564
2016-06-22,55749
2016-06-23,53206
2016-06-24,54186
2016-06-25,43000
2016-06-26,42992
2016-06-27,47023
2016-06-28,49593
2016-06-29,54882
2016-06-30,54843
2016-07-01,39669
2016-07-02,35837
2016-07-03,35348
2016-07-04,34860
2016-07-05,43744
2016-07-06,51353
2016-07-07,48742
2016-07-08,44419
2016-07-09,38142
2016-07-10,41991
2016-07-11,52870
2016-07-12,56537
2016-07-13,55486
2016-07-14,50350
2016-07-15,48572
2016-07-16,38406
2016-07-17,41347
2016-07-18,43687
2016-07-19,54593
2016-07-20,57225
2016-07-21,54842
2016-07-22,49191
2016-07-23,37523
2016-07-24,39637
2016-07-25,35379
2016-07-26,52912
2016-07-27,54163
2016-07-28,50151
2016-07-29,37703
2016-07-30,27780
2016-07-31,27651
2016-08-01,49401
2016-08-02,56764
2016-08-03,57003
2016-08-04,56604
2016-08-05,53297
2016-08-06,44213
2016-08-07,43631
2016-08-08,52262
2016-08-09,56112
2016-08-10,50114
2016-08-11,47430
2016-08-12,44750
2016-08-13,38912
2016-08-14,32961
2016-08-15,49063
2016-08-16,50426
2016-08-17,53989
2016-08-18,53218
2016-08-19,51669
2016-08-20,45817
2016-08-21,35051
2016-08-22,54404
2016-08-23,58674
2016-08-24,58154
2016-08-25,53487
2016-08-26,52037
2016-08-27,45674
2016-08-28,44639
2016-08-29,53288
2016-08-30,57405
2016-08-31,57214
2016-09-01,38187
2016-09-02,53007
2016-09-03,41630
2016-09-04,46023
2016-09-05,45436
2016-09-06,52447
2016-09-07,60500
2016-09-08,61596
2016-09-09,56813
2016-09-10,48455
2016-09-11,52245
2016-09-12,61103
2016-09-13,64839
2016-09-14,59203
2016-09-15,67331
2016-09-16,65275
2016-09-17,59200
2016-09-18,51686
2016-09-19,34217
2016-09-20,64891
2016-09-21,65463
2016-09-22,67810
2016-09-23,65517
2016-09-24,53259
2016-09-25,53568
2016-09-26,61386
2016-09-27,61346
2016-09-28,59464
2016-09-29,55578
2016-09-30,21381
2016-10-01,39811
2016-10-02,41023
2016-10-03,56384
2016-10-04,60379
2016-10-05,65053
2016-10-06,67585
2016-10-07,65896
2016-10-08,34625
2016-10-09,21689
2016-10-10,52255
2016-10-11,58768
2016-10-12,57690
2016-10-13,61217
2016-10-14,60566
2016-10-15,51992
2016-10-16,48870
2016-10-17,62657
2016-10-18,68240
2016-10-19,69772
2016-10-20,63674
2016-10-21,40873
2016-10-22,25303
2016-10-23,41463
2016-10-24,55261
2016-10-25,52681
2016-10-26,52484
2016-10-27,21058
2016-10-28,46242
2016-10-29,42514
2016-10-30,37765
2016-10-31,50082
2016-11-01,55967
2016-11-02,62144
2016-11-03,59641
2016-11-04,57877
2016-11-05,48689
2016-11-06,39413
2016-11-07,49890
2016-11-08,56603
2016-11-09,38060
2016-11-10,50871
2016-11-11,45832
2016-11-12,34667
2016-11-13,36810
2016-11-14,48834
2016-11-15,22896
2016-11-16,53342
2016-11-17,53895
2016-11-18,53390
2016-11-19,41213
2016-11-20,20617
2016-11-21,32972
2016-11-22,36749
2016-11-23,34466
2016-11-24,12122
2016-11-25,20980
2016-11-26,23811
2016-11-27,24077
2016-11-28,42091
2016-11-29,14588
2016-11-30,24435
2016-12-01,43242
2016-12-02,42371
2016-12-03,29854
2016-12-04,27455
2016-12-05,35932
2016-12-06,33332
2016-12-07,38021
2016-12-08,39626
2016-12-09,33547
2016-12-10,22379
2016-12-11,17799
2016-12-12,29037
2016-12-13,39025
2016-12-14,37808
2016-12-15,25015
2016-12-16,24490
2016-12-17,6993
2016-12-18,16295
2016-12-19,25649
2016-12-20,27685
2016-12-21,30625
2016-12-22,30889
2016-12-23,26344
2016-12-24,8014
2016-12-25,9924
2016-12-26,10775
2016-12-27,25955
2016-12-28,23601
2016-12-29,13207
2016-12-30,21375
2016-12-31,15928
2017-01-01,16009
2017-01-02,8921
2017-01-03,14198
2017-01-04,34039
2017-01-05,28393
2017-01-06,24177
2017-01-07,4425
2017-01-08,6417
2017-01-09,15856
2017-01-10,23232
2017-01-11,32419
2017-01-12,39783
2017-01-13,33611
2017-01-14,13819
2017-01-15,17384
2017-01-16,24110
2017-01-17,18646
2017-01-18,30857
2017-01-19,36561
2017-01-20,26752
2017-01-21,26610
2017-01-22,20523
2017-01-23,15822
2017-01-24,13171
2017-01-25,36931
2017-01-26,33002
2017-01-27,32394
2017-01-28,21302
2017-01-29,22527
2017-01-30,29616
2017-01-31,25169
2017-02-01,35221
2017-02-02,34517
2017-02-03,29632
2017-02-04,19204
2017-02-05,20059
2017-02-06,33415
2017-02-07,23053
2017-02-08,40428
2017-02-10,1997
2017-02-11,8959
2017-02-12,5801
2017-02-13,23857
2017-02-14,29668
2017-02-15,32052
2017-02-16,29120
2017-02-17,28735
2017-02-18,30571
2017-02-19,36963
2017-02-20,32292
2017-02-21,32643
2017-02-22,38119
2017-02-23,42434
2017-02-24,47031
2017-02-25,33343
2017-02-26,24714
2017-02-27,35984
2017-02-28,41835
2017-03-01,40592
2017-03-02,35739
2017-03-03,31105
2017-03-04,15646
2017-03-05,15919
2017-03-06,32467
2017-03-07,29683
2017-03-08,43469
2017-03-09,45252
2017-03-10,18412
2017-03-11,15185
2017-03-12,13442
2017-03-13,27417
2017-03-17,7098
2017-03-18,4106
2017-03-19,10550
2017-03-20,27378
2017-03-21,36824
2017-03-22,26927
2017-03-23,29885
2017-03-24,34018
2017-03-25,29646
2017-03-26,19893
2017-03-27,26301
2017-03-28,21589
2017-03-29,42430
2017-03-30,39746
2017-03-31,6946
2017-04-01,23849
2017-04-02,39780
2017-04-03,43485
2017-04-04,29991
2017-04-05,47636
2017-04-06,18020
2017-04-07,35779
2017-04-08,35936
2017-04-09,43896
2017-04-10,50424
2017-04-11,57310
2017-04-12,51188
2017-04-13,52915
2017-04-14,52232
2017-04-15,42531
2017-04-16,48140
2017-04-17,53247
2017-04-18,53809
2017-04-19,45787
2017-04-20,44264
2017-04-21,39868
2017-04-22,34596
2017-04-23,49107
2017-04-24,48692
2017-04-25,20332
2017-04-26,37727
2017-04-27,52035
2017-04-28,62199
2017-04-29,57701
2017-04-30,42928
2017-05-01,56218
2017-05-02,61207
2017-05-03,59252
2017-05-04,57429
2017-05-05,24009
2017-05-06,46618
2017-05-07,34293
2017-05-08,51553
2017-05-09,56461
2017-05-10,58454
2017-05-11,57208
2017-05-12,56675
2017-05-13,5704
2017-05-14,38729
2017-05-15,54715
2017-05-16,64504
2017-05-17,65794
2017-05-18,63753
2017-05-19,62143
2017-05-20,47859
2017-05-21,54874
2017-05-22,24627
2017-05-23,60032
2017-05-24,60622
2017-05-25,17495
2017-05-26,53768
2017-05-27,46534
2017-05-28,46727
2017-05-29,26322
2017-05-30,50194
2017-05-31,59495
2017-06-01,67403
2017-06-02,66907
2017-06-03,56264
2017-06-04,40138
2017-06-05,55883
2017-06-06,41268
2017-06-07,64453
2017-06-08,62653
2017-06-09,66506
2017-06-10,57087
2017-06-11,51427
2017-06-12,57871
2017-06-13,60921
2017-06-14,60513
2017-06-15,64763
2017-06-16,56403
2017-06-17,34900
2017-06-18,49472
2017-06-19,38310
2017-06-20,64673
2017-06-21,67218
2017-06-22,66308
2017-06-23,55323
2017-06-24,52153
2017-06-25,54655
2017-06-26,62669
2017-06-27,64767
2017-06-28,67752
2017-06-29,64272
2017-06-30,58662
2017-07-01,36737
2017-07-02,43036
2017-07-03,48193
2017-07-04,49924
2017-07-05,60321
2017-07-06,62147
2017-07-07,44068
2017-07-08,55015
2017-07-09,57118
2017-07-10,60907
2017-07-11,61671
2017-07-12,61786
2017-07-13,56475
2017-07-14,31851
2017-07-15,56499
2017-07-16,56833
2017-07-17,62555
2017-07-18,66234
2017-07-19,63915
2017-07-20,59663
2017-07-21,60072
2017-07-22,48011
2017-07-23,46942
2017-07-24,43792
2017-07-25,65336
2017-07-26,70323
2017-07-27,65769
2017-07-28,63899
2017-07-29,52947
2017-07-30,59342
2017-07-31,64218
2017-08-01,66677
2017-08-02,56184
2017-08-03,66149
2017-08-04,56394
2017-08-05,58971
2017-08-06,56476
2017-08-07,23395
2017-08-08,65233
2017-08-09,67884
2017-08-10,66249
2017-08-11,63140
2017-08-12,60540
2017-08-13,57518
2017-08-14,61482
2017-08-15,52461
2017-08-16,68436
2017-08-17,66656
2017-08-18,36620
2017-08-19,62442
2017-08-20,55442
2017-08-21,61059
2017-08-22,60541
2017-08-23,65070
2017-08-24,66307
2017-08-25,64217
2017-08-26,50109
2017-08-27,54598
2017-08-28,60886
2017-08-29,35152
2017-08-30,65329
2017-08-31,64881
2017-09-01,54881
2017-09-02,37812
2017-09-03,30955
2017-09-04,55285
2017-09-05,65445
2017-09-06,42295
2017-09-07,69519
2017-09-08,69574
2017-09-09,60155
2017-09-10,60711
2017-09-11,71917
2017-09-12,74580
2017-09-13,69566
2017-09-14,72071
2017-09-15,72297
2017-09-16,61036
2017-09-17,59967
2017-09-18,64130
2017-09-19,57910
2017-09-20,71150
2017-09-21,67742
2017-09-22,70127
2017-09-23,62687
2017-09-24,57458
2017-09-25,69200
2017-09-26,71518
2017-09-27,69897
2017-09-28,70883
2017-09-29,67177
2017-09-30,50153
2017-10-01,55505
2017-10-02,65511
2017-10-03,69105
2017-10-04,71454
2017-10-05,70174
2017-10-06,70257
2017-10-07,63635
2017-10-08,41044
2017-10-09,38391
2017-10-10,74118
2017-10-11,63589
2017-10-12,61248
2017-10-13,67020
2017-10-14,58777
2017-10-15,56529
2017-10-16,61730
2017-10-17,64480
2017-10-18,70234
2017-10-19,72311
2017-10-20,72173
2017-10-21,65874
2017-10-22,62150
2017-10-23,69274
2017-10-24,48077
2017-10-25,71287
2017-10-26,64003
2017-10-27,69268
2017-10-28,61348
2017-10-29,9537
2017-10-30,49247
2017-10-31,60242
2017-11-01,60773
2017-11-02,70810
2017-11-03,71818
2017-11-04,53435
2017-11-05,34943
2017-11-06,57606
2017-11-07,36362
2017-11-08,54211
2017-11-09,58417
2017-11-10,38432
2017-11-11,28142
2017-11-12,32471
2017-11-13,38753
2017-11-14,52279
2017-11-15,54230
2017-11-16,49737
2017-11-17,48991
2017-11-18,27745
2017-11-19,31598
2017-11-20,45121
2017-11-21,52451
2017-11-22,32298
2017-11-23,13705
2017-11-24,23724
2017-11-25,30518
2017-11-26,27181
2017-11-27,46733
2017-11-28,51170
2017-11-29,55295
2017-11-30,51700
2017-12-01,50708
2017-12-02,38923
2017-12-03,33728
2017-12-04,49630
2017-12-05,41792
2017-12-06,46335
2017-12-07,45367
2017-12-08,41330
2017-12-09,10804
2017-12-10,19815
2017-12-11,41838
2017-12-12,42620
2017-12-13,32623
2017-12-14,27495
2017-12-15,22944
2017-12-16,19060
2017-12-17,22403
2017-12-18,40168
2017-12-19,49503
2017-12-20,41463
2017-12-21,37592
2017-12-22,34341
2017-12-23,9608
2017-12-24,13216
2017-12-25,6479
2017-12-26,14113
2017-12-27,16365
2017-12-28,13420
2017-12-29,13759
2017-12-30,5956
2017-12-31,6569
2018-01-01,5500
2018-01-02,18818
2018-01-03,24299
2018-01-04,1922
2018-01-05,4972
2018-01-06,4295
2018-01-07,5640
2018-01-08,15821
2018-01-09,25091
2018-01-10,28252
2018-01-11,33961
2018-01-12,22254
2018-01-13,17760
2018-01-14,12399
2018-01-15,17637
2018-01-16,30278
2018-01-17,19010
2018-01-18,27662
2018-01-19,30525
2018-01-20,28507
2018-01-21,27908
2018-01-22,36865
2018-01-23,28797
2018-01-24,36078
2018-01-25,31147
2018-01-26,33073
2018-01-27,34351
2018-01-28,20101
2018-01-29,36799
2018-01-30,27996
2018-01-31,31276
2018-02-01,35561
2018-02-02,26313
2018-02-03,18385
2018-02-04,13959
2018-02-05,29068
2018-02-06,34102
2018-02-07,15289
2018-02-08,31564
2018-02-09,31567
2018-02-10,16324
2018-02-11,8809
2018-02-12,35139
2018-02-13,35189
2018-02-14,39591
2018-02-15,44193
2018-02-16,29191
2018-02-17,17921
2018-02-18,21538
2018-02-19,25677
2018-02-20,44480
2018-02-21,53115
2018-02-22,27010
2018-02-23,25634
2018-02-24,25550
2018-02-25,16150
2018-02-26,42570
2018-02-27,48516
2018-02-28,50709
2018-03-01,45564
2018-03-02,6855
2018-03-03,28364
2018-03-04,25262
2018-03-05,36774
2018-03-06,42689
2018-03-07,8188
2018-03-08,28440
2018-03-09,34912
2018-03-10,25444
2018-03-11,27597
2018-03-12,36340
2018-03-13,23137
2018-03-14,35377
2018-03-15,39574
2018-03-16,34921
2018-03-17,27672
2018-03-18,25158
2018-03-19,39278
2018-03-20,35532
2018-03-21,3755
2018-03-22,27308
2018-03-23,38528
2018-03-24,34398
2018-03-25,25562
2018-03-26,40295
2018-03-27,41354
2018-03-28,42520
2018-03-29,39293
2018-03-30,34787
2018-03-31,41794
2018-04-01,33149
2018-04-02,22063
2018-04-03,25881
2018-04-04,36753
2018-04-05,39814
2018-04-06,35624
2018-04-07,33245
2018-04-08,28410
2018-04-09,40509
2018-04-10,43051
2018-04-11,48612
2018-04-12,53168
2018-04-13,63510
2018-04-14,62597
2018-04-15,20440
2018-04-16,26289
2018-04-17,44689
2018-04-18,51110
2018-04-19,38298
2018-04-20,47052
2018-04-21,63599
2018-04-22,54284
2018-04-23,57767
2018-04-24,58527
2018-04-25,31214
2018-04-26,66077
2018-04-27,39154
2018-04-28,56745
2018-04-29,44837
2018-04-30,41075
2018-05-01,72035
2018-05-02,76773
2018-05-03,69056
2018-05-04,71199
2018-05-05,63329
2018-05-06,48993
2018-05-07,68917
2018-05-08,74313
2018-05-09,78458
2018-05-10,67455
2018-05-11,75266
2018-05-12,34535
2018-05-13,25986
2018-05-14,64729
2018-05-15,52826
2018-05-16,32766
2018-05-17,49789
2018-05-18,63113
2018-05-19,18026
2018-05-20,56949
2018-05-21,71220
2018-05-22,48508
2018-05-23,72655
2018-05-24,74810
2018-05-25,69345
2018-05-26,51597
2018-05-27,25814
2018-05-28,49043
2018-05-29,69090
2018-05-30,72321
2018-05-31,55794
2018-06-01,62877
2018-06-02,60293
2018-06-03,50045
2018-06-04,58913
2018-06-05,71912
2018-06-06,69802
2018-06-07,70483
2018-06-08,72711
2018-06-09,65250
2018-06-10,41642
2018-06-11,68078
2018-06-12,76279
2018-06-13,64292
2018-06-14,75807
2018-06-15,72422
2018-06-16,63187
2018-06-17,56228
2018-06-18,63557
2018-06-19,72170
2018-06-20,74090
2018-06-21,70052
2018-06-22,71086
2018-06-23,51031
2018-06-24,55775
2018-06-25,71752
2018-06-26,80651
2018-06-27,67698
2018-06-28,50433
2018-06-29,69864
2018-06-30,54723
2018-07-01,45266
2018-07-02,58635
2018-07-03,54884
2018-07-04,48372
2018-07-05,59476
2018-07-06,49507
2018-07-07,60918
2018-07-08,60489
2018-07-09,70067
2018-07-10,72509
2018-07-11,73018
2018-07-12,74860
2018-07-13,72121
2018-07-14,62565
2018-07-15,52295
2018-07-16,67073
2018-07-17,48497
2018-07-18,75708
2018-07-19,77993
2018-07-20,74542
2018-07-21,53655
2018-07-22,44285
2018-07-23,53077
2018-07-24,69755
2018-07-25,42990
2018-07-26,71046
2018-07-27,49221
2018-07-28,61547
2018-07-29,63480
2018-07-30,69497
2018-07-31,76277
2018-08-01,64462
2018-08-02,69705
2018-08-03,61958
2018-08-04,51200
2018-08-05,58381
2018-08-06,65677
2018-08-07,64346
2018-08-08,70573
2018-08-09,71942
2018-08-10,69599
2018-08-11,36607
2018-08-12,59835
2018-08-13,44251
2018-08-14,63686
2018-08-15,73112
2018-08-16,70806
2018-08-17,63303
2018-08-18,57278
2018-08-19,45870
2018-08-20,67565
2018-08-21,75184
2018-08-22,72602
2018-08-23,73828
2018-08-24,72880
2018-08-25,64685
2018-08-26,60953
2018-08-27,67622
2018-08-28,66609
2018-08-29,65887
2018-08-30,67877
2018-08-31,58894
2018-09-01,54323
2018-09-02,60812
2018-09-03,55052
2018-09-04,68628
2018-09-05,74963
2018-09-06,70244
2018-09-07,74582
2018-09-08,58286
2018-09-09,19950
2018-09-10,23944
2018-09-11,66536
2018-09-12,53216
2018-09-13,74038
2018-09-14,74320
2018-09-15,71190
2018-09-16,69526
2018-09-17,71330
2018-09-18,53069
2018-09-19,74360
2018-09-20,76790
2018-09-21,74934
2018-09-22,69130
2018-09-23,55493
2018-09-24,71620
2018-09-25,25421
2018-09-26,67994
2018-09-27,75358
2018-09-28,57215
2018-09-29,69327
2018-09-30,66233
2018-10-01,71378
2018-10-02,73110
2018-10-03,76757
2018-10-04,70657
2018-10-05,74515
2018-10-06,57311
2018-10-07,60525
2018-10-08,57889
2018-10-09,73713
2018-10-10,76756
2018-10-11,46530
2018-10-12,67009
2018-10-13,54328
2018-10-14,53824
2018-10-15,58399
2018-10-16,65751
2018-10-17,66902
2018-10-18,60825
2018-10-19,63988
2018-10-20,55763
2018-10-21,38760
2018-10-22,57111
2018-10-23,67210
2018-10-24,63306
2018-10-25,60762
2018-10-26,59134
2018-10-27,13000
2018-10-28,42098
2018-10-29,59205
2018-10-30,64653
2018-10-31,67488
2018-11-01,73175
2018-11-02,62925
2018-11-03,48612
2018-11-04,50230
2018-11-05,32884
2018-11-06,39672
2018-11-07,67031
2018-11-08,63476
2018-11-09,36441
2018-11-10,37464
2018-11-11,36222
2018-11-12,50568
2018-11-13,36389
2018-11-14,48923
2018-11-15,24738
2018-11-16,34171
2018-11-17,37773
2018-11-18,34190
2018-11-19,53950
2018-11-20,51177
2018-11-21,39930
2018-11-22,8718
2018-11-23,15931
2018-11-24,19859
2018-11-25,34191
2018-11-26,28819
2018-11-27,49201
2018-11-28,47662
2018-11-29,50644
2018-11-30,45389
2018-12-01,37561
2018-12-02,18203
2018-12-03,53153
2018-12-04,48285
2018-12-05,46036
2018-12-06,45867
2018-12-07,43270
2018-12-08,29555
2018-12-09,27224
2018-12-10,42726
2018-12-11,46610
2018-12-12,47036
2018-12-13,40203
2018-12-14,44190
2018-12-15,35981
2018-12-16,9746
2018-12-17,44694
2018-12-18,41152
2018-12-19,43464
2018-12-20,33580
2018-12-21,23696
2018-12-22,24628
2018-12-23,21995
2018-12-24,18741
2018-12-25,11084
2018-12-26,25145
2018-12-27,30879
2018-12-28,11921
2018-12-29,28788
2018-12-30,22329
2018-12-31,18763
2019-01-01,21962
2019-01-02,37797
2019-01-03,41676
2019-01-04,43922
2019-01-05,17432
2019-01-06,31451
2019-01-07,36486
2019-01-08,41163
2019-01-09,44338
2019-01-10,38971
2019-01-11,32805
2019-01-12,25131
2019-01-13,22752
2019-01-14,34970
2019-01-15,39068
2019-01-16,40349
2019-01-17,38956
2019-01-18,34227
2019-01-19,23748
2019-01-20,14249
2019-01-21,10291
2019-01-22,28562
2019-01-23,41483
2019-01-24,20081
2019-01-25,38813
2019-01-26,26298
2019-01-27,30021
2019-01-28,35584
2019-01-29,30928
2019-01-30,25142
2019-01-31,18631
2019-02-01,24982
2019-02-02,22002
2019-02-03,31934
2019-02-04,46376
2019-02-05,54161
2019-02-06,39215
2019-02-07,43177
2019-02-08,36454
2019-02-09,23765
2019-02-10,24131
2019-02-11,38636
2019-02-12,15854
2019-02-13,34941
2019-02-14,41650
2019-02-15,46863
2019-02-16,31034
2019-02-17,24037
2019-02-18,25827
2019-02-19,34676
2019-02-20,20426
2019-02-21,39499
2019-02-22,41794
2019-02-23,31608
2019-02-24,24272
2019-02-25,34216
2019-02-26,37516
2019-02-27,36475
2019-02-28,38223
2019-03-01,30233
2019-03-02,18001
2019-03-03,23239
2019-03-04,28421
2019-03-05,37097
2019-03-06,33279
2019-03-07,35907
2019-03-08,40406
2019-03-09,38928
2019-03-10,18897
2019-03-11,52413
2019-03-12,47207
2019-03-13,50120
2019-03-14,57466
2019-03-15,57506
2019-03-16,42138
2019-03-17,36824
2019-03-18,46532
2019-03-19,52981
2019-03-20,55379
2019-03-21,21238
2019-03-22,35463
2019-03-23,37375
2019-03-24,50312
2019-03-25,53451
2019-03-26,55414
2019-03-27,54473
2019-03-28,58529
2019-03-29,59307
2019-03-30,66662
2019-03-31,32762
2019-04-01,51391
2019-04-02,57891
2019-04-03,67911
2019-04-04,66396
2019-04-05,34459
2019-04-06,66529
2019-04-07,64709
2019-04-08,70500
2019-04-09,59327
2019-04-10,70977
2019-04-11,62414
2019-04-12,57998
2019-04-13,71492
2019-04-14,58470
2019-04-15,45654
2019-04-16,63316
2019-04-17,65238
2019-04-18,61555
2019-04-19,64933
2019-04-20,36784
2019-04-21,51865
2019-04-22,44109
2019-04-23,75434
2019-04-24,77723
2019-04-25,60821
2019-04-26,37115
2019-04-27,56434
2019-04-28,41200
2019-04-29,60789
2019-04-30,62660
2019-05-01,60897
2019-05-02,68701
2019-05-03,62405
2019-05-04,56023
2019-05-05,16169
2019-05-06,69914
2019-05-07,72824
2019-05-08,76389
2019-05-09,66681
2019-05-10,68039
2019-05-11,69788
2019-05-12,10729
2019-05-13,22296
2019-05-14,42780
2019-05-15,74307
2019-05-16,77878
2019-05-17,72112
2019-05-18,73143
2019-05-19,69920
2019-05-20,74489
2019-05-21,79254
2019-05-22,82007
2019-05-23,56575
2019-05-24,74857
2019-05-25,59492
2019-05-26,49950
2019-05-27,66595
2019-05-28,59432
2019-05-29,55089
2019-05-30,52481
2019-05-31,83347
2019-06-01,76419
2019-06-02,67298
2019-06-03,77694
2019-06-04,83299
2019-06-05,78805
2019-06-06,81356
2019-06-07,82950
2019-06-08,78096
2019-06-09,73972
2019-06-10,37024
2019-06-11,78052
2019-06-12,85042
2019-06-13,49195
2019-06-14,80613
2019-06-15,73899
2019-06-16,55523
2019-06-17,72530
2019-06-18,36402
2019-06-19,63674
2019-06-20,59926
2019-06-21,65686
2019-06-22,76612
2019-06-23,75546
2019-06-24,80028
2019-06-25,65885
2019-06-26,83301
2019-06-27,81577
2019-06-28,78682
2019-06-29,62714
2019-06-30,63570
2019-07-01,78238
2019-07-02,78158
2019-07-03,74223
2019-07-04,52712
2019-07-05,58723
2019-07-06,50897
2019-07-07,61485
2019-07-08,68030
2019-07-09,83708
2019-07-10,84219
2019-07-11,54495
2019-07-12,81075
2019-07-13,76860
2019-07-14,67911
2019-07-15,81053
2019-07-16,84569
2019-07-17,69169
2019-07-18,61067
2019-07-19,75054
2019-07-20,50576
2019-07-21,48198
2019-07-22,52376
2019-07-23,66278
2019-07-24,87644
2019-07-25,86449
2019-07-26,82881
2019-07-27,72256
2019-07-28,67672
2019-07-29,78766
2019-07-30,80742
2019-07-31,65580
2019-08-01,87706
2019-08-02,82260
2019-08-03,77285
2019-08-04,66868
2019-08-05,82393
2019-08-06,82515
2019-08-07,52193
2019-08-08,79609
2019-08-09,80280
2019-08-10,82793
2019-08-11,73365
2019-08-12,81371
2019-08-13,75004
2019-08-14,75603
2019-08-15,84883
2019-08-16,81541
2019-08-17,78121
2019-08-18,56347
2019-08-19,73963
2019-08-20,82301
2019-08-21,73026
2019-08-22,73740
2019-08-23,63765
2019-08-24,74220
2019-08-25,71900
2019-08-26,79027
2019-08-27,82744
2019-08-28,65082
2019-08-29,83267
2019-08-30,76815
2019-08-31,64237
2019-09-01,62667
2019-09-02,37792
2019-09-03,83716
2019-09-04,84833
2019-09-05,89656
2019-09-06,55227
2019-09-07,78220
2019-09-08,72515
2019-09-09,84809
2019-09-10,87584
2019-09-11,90448
2019-09-12,70159
2019-09-13,87636
2019-09-14,75457
2019-09-15,78968
2019-09-16,82106
2019-09-17,93117
2019-09-18,90306
2019-09-19,89655
2019-09-20,90534
2019-09-21,98755
2019-09-22,76422
2019-09-23,85489
2019-09-24,93044
2019-09-25,94015
2019-09-26,84593
2019-09-27,93268
2019-09-28,81603
2019-09-29,75753
2019-09-30,76553
2019-10-01,87033
2019-10-02,79821
2019-10-03,39067
2019-10-04,83360
2019-10-05,69131
2019-10-06,60532
2019-10-07,77323
2019-10-08,80569
2019-10-09,50407
2019-10-10,84856
2019-10-11,79369
2019-10-12,70751
2019-10-13,67616
2019-10-14,77630
2019-10-15,83345
2019-10-16,44056
2019-10-17,67322
2019-10-18,73589
2019-10-19,66879
2019-10-20,28551
2019-10-21,78441
2019-10-22,54806
2019-10-23,80480
2019-10-24,83431
2019-10-25,81152
2019-10-26,68073
2019-10-27,26758
2019-10-28,76742
2019-10-29,53188
2019-10-30,68639
2019-10-31,49656
2019-11-01,70641
2019-11-02,58579
2019-11-03,52253
2019-11-04,70117
2019-11-05,73768
2019-11-06,72714
2019-11-07,56782
2019-11-08,50295
2019-11-09,37993
2019-11-10,42121
2019-11-11,64883
2019-11-12,39188
2019-11-13,43945
2019-11-14,54642
2019-11-15,59521
2019-11-16,36896
2019-11-17,32100
2019-11-18,35621
2019-11-19,57419
2019-11-20,57625
2019-11-21,62696
2019-11-22,51063
2019-11-23,40088
2019-11-24,18146
2019-11-25,58709
2019-11-26,63638
2019-11-27,51356
2019-11-28,16173
2019-11-29,23219
2019-11-30,26517
2019-12-01,10759
2019-12-02,18018
2019-12-03,39230
2019-12-04,47384
2019-12-05,49027
2019-12-06,51607
2019-12-07,34510
2019-12-08,32308
2019-12-09,15221
2019-12-10,42435
2019-12-11,38180
2019-12-12,45360
2019-12-13,32961
2019-12-14,30263
2019-12-15,33886
2019-12-16,41717
2019-12-17,19303
2019-12-18,37898
2019-12-19,29451
2019-12-20,34209
2019-12-21,24247
2019-12-22,23726
2019-12-23,37364
2019-12-24,25894
2019-12-25,13082
2019-12-26,25226
2019-12-27,31808
2019-12-28,28520
2019-12-29,17968
2019-12-30,12138
2019-12-31,31510
2020-01-01,18114
2020-01-02,41556
2020-01-03,31873
2020-01-04,29436
2020-01-05,27589
2020-01-06,42738
2020-01-07,46535
2020-01-08,42400
2020-01-09,39344
2020-01-10,50800
2020-01-11,56538
2020-01-12,53121
2020-01-13,49438
2020-01-14,44144
2020-01-15,54251
2020-01-16,45247
2020-01-17,34122
2020-01-18,13301
2020-01-19,25935
2020-01-20,24230
2020-01-21,37399
2020-01-22,43415
2020-01-23,48258
2020-01-24,51334
2020-01-25,17734
2020-01-26,36121
2020-01-27,46534
2020-01-28,48816
2020-01-29,47386
2020-01-30,45603
2020-01-31,47284
2020-02-01,35542
2020-02-02,28593
2020-02-03,53522
2020-02-04,52478
2020-02-05,50544
2020-02-06,32156
2020-02-07,32643
2020-02-08,32783
2020-02-09,32635
2020-02-10,26732
2020-02-11,37789
2020-02-12,49336
2020-02-13,37413
2020-02-14,36921
2020-02-15,21598
2020-02-16,27276
2020-02-17,40946
2020-02-18,44104
2020-02-19,49313
2020-02-20,42686
2020-02-21,38686
2020-02-22,39443
2020-02-23,46544
2020-02-24,56349
2020-02-25,39568
2020-02-26,45207
2020-02-27,43411
2020-02-28,43360
2020-02-29,29252
2020-03-01,31878
2020-03-02,56946
2020-03-03,49723
2020-03-04,58670
2020-03-05,58686
2020-03-06,34135
2020-03-07,39448
2020-03-08,46994
2020-03-09,68768
2020-03-10,64277
2020-03-11,61816
2020-03-12,51332
2020-03-13,43343
2020-03-14,44239
2020-03-15,36140
2020-03-16,29481
2020-03-17,24331
2020-03-18,30496
2020-03-19,20842
2020-03-20,31327
2020-03-21,31712
2020-03-22,19891
2020-03-23,3999
2020-03-24,20863
2020-03-25,12066
2020-03-26,21996
2020-03-27,26504
2020-03-28,8871
2020-03-29,9646
2020-03-30,15041
2020-03-31,14996
2020-04-01,20363
2020-04-02,19012
2020-04-03,11309
2020-04-04,28867
2020-04-05,25755
2020-04-06,24660
2020-04-07,23646
2020-04-08,20744
2020-04-09,14192
2020-04-10,16276
2020-04-11,33142
2020-04-12,31564
2020-04-13,7797
2020-04-14,25283
2020-04-15,22188
2020-04-16,19570
2020-04-17,18893
2020-04-18,15909
2020-04-19,47049
2020-04-20,21882
2020-04-21,17050
2020-04-22,23783
2020-04-23,19125
2020-04-24,12610
2020-04-25,58898
2020-04-26,9586
2020-04-27,17795
2020-04-28,39619
2020-04-29,21653
2020-04-30,14542
2020-05-01,24945
2020-05-02,72808
2020-05-03,63731
2020-05-04,32356
2020-05-05,35078
2020-05-06,17274
2020-05-07,43677
2020-05-08,17326
2020-05-09,27747
2020-05-10,54504
2020-05-11,22729
2020-05-12,35998
2020-05-13,40592
2020-05-14,41586
2020-05-15,52903
2020-05-16,80292
2020-05-17,63553
2020-05-18,39154
2020-05-19,40934
2020-05-20,45558
2020-05-21,48560
2020-05-22,47441
2020-05-23,23012
2020-05-24,72889
2020-05-25,67876
2020-05-26,53062
2020-05-27,55071
2020-05-28,46091
2020-05-29,53356
2020-05-30,87081
2020-05-31,80706
2020-06-01,52926
2020-06-02,46471
2020-06-03,28766
2020-06-04,39659
2020-06-05,33064
2020-06-06,56263
2020-06-07,80441
2020-06-08,60847
2020-06-09,61666
2020-06-10,63108
2020-06-11,43845
2020-06-12,72497
2020-06-13,89690
2020-06-14,79731
2020-06-15,57555
2020-06-16,65295
2020-06-17,63989
2020-06-18,62094
2020-06-19,79280
2020-06-20,80792
2020-06-21,72206
2020-06-22,59788
2020-06-23,67299
2020-06-24,66784
2020-06-25,69578
2020-06-26,73638
2020-06-27,59221
2020-06-28,69104
2020-06-29,61574
2020-06-30,65102
2020-07-01,63406
2020-07-02,73394
2020-07-03,59329
2020-07-04,70988
2020-07-05,64523
2020-07-06,45976
2020-07-07,67810
2020-07-08,63321
2020-07-09,76374
2020-07-10,22777
2020-07-11,66573
2020-07-12,84290
2020-07-13,69017
2020-07-14,76968
2020-07-15,78340
2020-07-16,79248
2020-07-17,69834
2020-07-18,80408
2020-07-19,66789
2020-07-20,58285
2020-07-21,70557
2020-07-22,51988
2020-07-23,65592
2020-07-24,66790
2020-07-25,87636
2020-07-26,72734
2020-07-27,62474
2020-07-28,70368
2020-07-29,77064
2020-07-30,72109
2020-07-31,70846
2020-08-01,89044
2020-08-02,70067
2020-08-03,67219
2020-08-04,44588
2020-08-05,81812
2020-08-06,79130
2020-08-07,59956
2020-08-08,90237
2020-08-09,82767
2020-08-10,68992
2020-08-11,75292
2020-08-12,66069
2020-08-13,62427
2020-08-14,83758
2020-08-15,92784
2020-08-16,38651
2020-08-17,70358
2020-08-18,81799
2020-08-19,71467
2020-08-20,81247
2020-08-21,84814
2020-08-22,87086
2020-08-23,81801
2020-08-24,71136
2020-08-25,72067
2020-08-26,88080
2020-08-27,69313
2020-08-28,78167
2020-08-29,71287
2020-08-30,92434
2020-08-31,75665
2020-09-01,76674
2020-09-02,69998
2020-09-03,71317
2020-09-04,85339
2020-09-05,89572
2020-09-06,83006
2020-09-07,83897
2020-09-08,79236
2020-09-09,84416
2020-09-10,52907
2020-09-11,94644
2020-09-12,101462
2020-09-13,84682
2020-09-14,79263
2020-09-15,84118
2020-09-16,86977
2020-09-17,87490
2020-09-18,89018
2020-09-19,89985
2020-09-20,77666
2020-09-21,72111
2020-09-22,82861
2020-09-23,90600
2020-09-24,86938
2020-09-25,93712
2020-09-26,99262
2020-09-27,87411
2020-09-28,78056
2020-09-29,59816
2020-09-30,85791
2020-10-01,89718
2020-10-02,81001
2020-10-03,95562
2020-10-04,80662
2020-10-05,75795
2020-10-06,85634
2020-10-07,81263
2020-10-08,83990
2020-10-09,87644
2020-10-10,93919
2020-10-11,75426
2020-10-12,16405
2020-10-13,51885
2020-10-14,88404
2020-10-15,91295
2020-10-16,30689
2020-10-17,88338
2020-10-18,76910
2020-10-19,73336
2020-10-20,76195
2020-10-21,84145
2020-10-22,83848
2020-10-23,86939
2020-10-24,90596
2020-10-25,61869
2020-10-26,51135
2020-10-27,78030
2020-10-28,62847
2020-10-29,19072
2020-10-30,39546
2020-10-31,66771
2020-11-01,32600
2020-11-02,50610
2020-11-03,62112
2020-11-04,65204
2020-11-05,74725
2020-11-06,82142
2020-11-07,98467
2020-11-08,86147
2020-11-09,75799
2020-11-10,84365
2020-11-11,46257
2020-11-12,40704
2020-11-13,48657
2020-11-14,75263
2020-11-15,51003
2020-11-16,57607
2020-11-17,54480
2020-11-18,44054
2020-11-19,51425
2020-11-20,68483
2020-11-21,75233
2020-11-22,46012
2020-11-23,42599
2020-11-24,53102
2020-11-25,56843
2020-11-26,30687
2020-11-27,53108
2020-11-28,53202
2020-11-29,52557
2020-11-30,23257
2020-12-01,53067
2020-12-02,47330
2020-12-03,53146
2020-12-04,40441
2020-12-05,31809
2020-12-06,40743
2020-12-07,41591
2020-12-08,41083
2020-12-09,37053
2020-12-10,51890
2020-12-11,59906
2020-12-12,53499
2020-12-13,61081
2020-12-14,25786
2020-12-15,44793
2020-12-16,26329
2020-12-17,179
2020-12-18,14964
2020-12-19,16738
2020-12-20,16340
2020-12-21,31415
2020-12-22,37256
2020-12-23,40454
2020-12-24,32606
2020-12-25,11850
2020-12-26,19791
2020-12-27,23764
2020-12-28,38784
2020-12-29,33202
2020-12-30,35705
2020-12-31,26334
2021-02-01,249
2021-02-03,6488
2021-02-04,18792
2021-02-05,24378
2021-02-06,31236
2021-02-07,8308
2021-02-08,18534
2021-02-09,22482
2021-02-10,28232
2021-02-11,22979
2021-02-12,26009
2021-02-13,23084
2021-02-14,23441
2021-02-15,23404
2021-02-16,31048
2021-02-17,30902
2021-02-18,7630
2021-02-19,12061
2021-02-20,24992
2021-02-21,26475
2021-02-22,19553
2021-02-23,33534
2021-02-24,46049
2021-02-25,43427
2021-02-26,44560
2021-02-27,30815
2021-02-28,21321
2021-03-01,34575
2021-03-02,32100
2021-03-03,50122
2021-03-04,40247
2021-03-05,36338
2021-03-06,33478
2021-03-07,35352
2021-03-08,38478
2021-03-09,60231
2021-03-10,54876
2021-03-11,68394
2021-03-12,69490
2021-03-13,53517
2021-03-14,43533
2021-03-15,34394
2021-03-16,38031
2021-03-17,47314
2021-03-18,22554
2021-03-19,43779
2021-03-20,65050
2021-03-21,68873
2021-03-22,56194
2021-03-23,61564
2021-03-24,32777
2021-03-25,64657
2021-03-26,71615
2021-03-27,84712
2021-03-28,25256
2021-03-29,52598
2021-03-30,65613
2021-03-31,45382
2021-04-01,45527
2021-04-02,42831
2021-04-03,61218
2021-04-04,63335
2021-04-05,68141
2021-04-06,76225
2021-04-07,77680
2021-04-08,81552
2021-04-09,68187
2021-04-10,87596
2021-04-11,20135
2021-04-12,33647
2021-04-13,78682
2021-04-14,80113
2021-04-15,33032
2021-04-16,59414
2021-04-17,77508
2021-04-18,80652
2021-04-19,73000
2021-04-20,96136
2021-04-21,61764
2021-04-22,57101
2021-04-23,82793
2021-04-24,104081
2021-04-25,58487
2021-04-26,71658
2021-04-27,79576
2021-04-28,96329
2021-04-29,70576
2021-04-30,80693
2021-05-01,92840
2021-05-02,93982
2021-05-03,60831
2021-05-04,87014
2021-05-05,49749
2021-05-06,93267
2021-05-07,91204
2021-05-08,59759
2021-05-09,53317
2021-05-10,71172
2021-05-11,89079
2021-05-12,94864
2021-05-13,100737
2021-05-14,107380
2021-05-15,118947
2021-05-16,97138
2021-05-17,95272
2021-05-18,105861
2021-05-19,109860
2021-05-20,108242
2021-05-21,112908
2021-05-22,116548
2021-05-23,107595
2021-05-24,89255
2021-05-25,107021
2021-05-26,97890
2021-05-27,112627
2021-05-28,62800
2021-05-29,30059
2021-05-30,17684
2021-05-31,89263
2021-06-01,99573
2021-06-02,106594
2021-06-03,70048
2021-06-04,86683
2021-06-05,121395
2021-06-06,106230
2021-06-07,98146
2021-06-08,74855
2021-06-09,112234
2021-06-10,121449
2021-06-11,108165
2021-06-12,117030
2021-06-13,102599
2021-06-14,84536
2021-06-15,119250
2021-06-16,122295
2021-06-17,121569
2021-06-18,123279
2021-06-19,107584
2021-06-20,107581
2021-06-21,102005
2021-06-22,75603
2021-06-23,123507
2021-06-24,120793
2021-06-25,116700
2021-06-26,119114
2021-06-27,110176
2021-06-28,98770
2021-06-29,103439
2021-06-30,96879
2021-07-01,68032
2021-07-02,78222
2021-07-03,68506
2021-07-04,101586
2021-07-05,97873
2021-07-06,77415
2021-07-07,102959
2021-07-08,74962
2021-07-09,86388
2021-07-10,109422
2021-07-11,103497
2021-07-12,87995
2021-07-13,105516
2021-07-14,110458
2021-07-15,112495
2021-07-16,108290
2021-07-17,82404
2021-07-18,99926
2021-07-19,102779
2021-07-20,111610
2021-07-21,108763
2021-07-22,118499
2021-07-23,112630
2021-07-24,125255
2021-07-25,98074
2021-07-26,98845
2021-07-27,106224
2021-07-28,112498
2021-07-29,76099
2021-07-30,115771
2021-07-31,121921
2021-08-01,94679
2021-08-02,103225
2021-08-03,108968
2021-08-04,109238
2021-08-05,109461
2021-08-06,109439
2021-08-07,115283
2021-08-08,75469
2021-08-09,96518
2021-08-10,92686
2021-08-11,97930
2021-08-12,99798
2021-08-13,98733
2021-08-14,111796
2021-08-15,108622
2021-08-16,102332
2021-08-17,107430
2021-08-18,106531
2021-08-19,104854
2021-08-20,102352
2021-08-21,96396
2021-08-22,15853
2021-08-23,76861
2021-08-24,109287
2021-08-25,106715
2021-08-26,103688
2021-08-27,88710
2021-08-28,104347
2021-08-29,102478
2021-08-30,101175
2021-08-31,111979
2021-09-01,50787
2021-09-02,126475
2021-09-03,115073
2021-09-04,109117
2021-09-05,87510
2021-09-06,106337
2021-09-07,106927
2021-09-08,113136
2021-09-09,77654
2021-09-10,126613
2021-09-11,133587
2021-09-12,117228
2021-09-13,105993
2021-09-14,118480
2021-09-15,118368
2021-09-16,109637
2021-09-17,111916
2021-09-18,124651
2021-09-19,116470
2021-09-20,109099
2021-09-21,113240
2021-09-22,113378
2021-09-23,86742
2021-09-24,115901
2021-09-25,125193
2021-09-26,113560
2021-09-27,106811
2021-09-28,96558
2021-09-29,111536
2021-09-30,112583
2021-10-01,115828
2021-10-02,120155
2021-10-03,108304
2021-10-04,73613
2021-10-05,103932
2021-10-06,110685
2021-10-07,115335
2021-10-08,115808
2021-10-09,108091
2021-10-10,69386
2021-10-11,97257
2021-10-12,108314
2021-10-13,109850
2021-10-14,116278
2021-10-15,118471
2021-10-16,99243
2021-10-17,90860
2021-10-18,87314
2021-10-19,100118
2021-10-20,112026
2021-10-21,113734
2021-10-22,111571
2021-10-23,91369
2021-10-24,85039
2021-10-25,92446
2021-10-26,48015
2021-10-27,97986
2021-10-28,100689
2021-10-29,82622
2021-10-30,79170
2021-10-31,85726
2021-11-01,89655
2021-11-02,82811
2021-11-03,87259
2021-11-04,85758
2021-11-05,86279
2021-11-06,84659
2021-11-07,79380
2021-11-08,84958
2021-11-09,96712
2021-11-10,98195
2021-11-11,92925
2021-11-12,69975
2021-11-13,71475
2021-11-14,63193
2021-11-15,68372
2021-11-16,77280
2021-11-17,85554
2021-11-18,94672
2021-11-19,74090
2021-11-20,69554
2021-11-21,65383
2021-11-22,63652
2021-11-23,61201
2021-11-24,57450
2021-11-25,35034
2021-11-26,31985
2021-11-27,37424
2021-11-28,41660
2021-11-29,58569
2021-11-30,64170
2021-12-01,74033
2021-12-02,79362
2021-12-03,72585
2021-12-04,68161
2021-12-05,62509
2021-12-06,67735
2021-12-07,67189
2021-12-08,65876
2021-12-09,66553
2021-12-10,75593
2021-12-11,64261
2021-12-12,62109
2021-12-13,68299
2021-12-14,75703
2021-12-15,73103
2021-12-16,80607
2021-12-17,78035
2021-12-18,39513
2021-12-19,40310
2021-12-20,45540
2021-12-21,50951
2021-12-22,41926
2021-12-23,41284
2021-12-24,31319
2021-12-25,16406
2021-12-26,31737
2021-12-27,31583
2021-12-28,40728
2021-12-29,39656
2021-12-30,46925
2021-12-31,48696
